Task ID,Completed
procthor000,null
procthor001,null
procthor002,null
procthor003,null
procthor004,null
procthor005,null
procthor006,null
procthor007,null
procthor008,null
procthor009,null
procthor010,null
procthor011,null
procthor012,null
procthor013,null
procthor014,null
procthor015,null
procthor016,null
procthor017,null
procthor018,null
procthor019,null
procthor100,null
procthor101,null
procthor102,null
procthor103,null
procthor104,null
procthor105,null
procthor106,null
procthor107,null
procthor108,null
procthor109,null
procthor110,null
procthor111,null
procthor112,null
procthor113,null
procthor114,null
procthor115,null
procthor116,null
procthor117,null
procthor118,null
procthor119,null
procthor200,null
procthor201,null
procthor202,null
procthor203,null
procthor204,null
procthor205,null
procthor206,null
procthor207,null
procthor208,null
procthor209,null
procthor210,null
procthor211,null
procthor212,null
procthor213,null
procthor214,null
procthor215,null
procthor216,null
procthor217,null
procthor218,null
procthor219,null
procthor300,null
procthor301,null
procthor302,null
procthor303,null
procthor304,null
procthor305,null
procthor306,null
procthor307,null
procthor308,null
procthor309,null
procthor310,null
procthor311,null
procthor312,null
procthor313,null
procthor314,null
procthor316,null
procthor317,null
procthor318,null
procthor400,null
procthor401,null
procthor402,null
procthor403,null
procthor404,null
procthor405,null
procthor406,null
procthor407,null
procthor408,null
procthor409,null
procthor410,null
procthor411,null
procthor412,null
procthor413,null
procthor414,null
procthor415,null
procthor419,null
procthor501,null
procthor502,null
procthor600,null
procthor601,null
procthor602,null
procthor603,null
procthor604,null
procthor605,null
procthor606,null
procthor607,null
procthor608,null
procthor609,null
procthor610,null
procthor611,null
procthor612,null
procthor613,null
procthor614,null
procthor615,null
procthor616,null
procthor617,null
procthor618,null
procthor619,null
procthor700,null
procthor701,null
procthor702,null
procthor703,null
procthor704,null
procthor705,null
procthor706,null
procthor707,null
procthor708,null
procthor709,null
